{"cameraMode":{"drawMode":0,"name":"Shaded","section":"Shading Mode"},"sceneLighting":true,"audioPlay":false,"sceneViewState":{"showFog":true,"showMaterialUpdate":true,"showSkybox":true,"showFlares":true,"showImageEffects":true,"showParticleSystems":true},"in2DMode":false,"pivot":{"x":193.05233764648438,"y":553.2125244140625,"z":52.296630859375},"rotation":{"x":-0.0033096622209995987,"y":0.005097749177366495,"z":-0.000017074664356186986,"w":-0.9999846816062927},"size":399.1227722167969,"orthographic":false}