{"cameraMode":{"drawMode":0,"name":"Shaded","section":"Shading Mode"},"sceneLighting":true,"audioPlay":false,"sceneViewState":{"showFog":true,"showMaterialUpdate":true,"showSkybox":true,"showFlares":true,"showImageEffects":true,"showParticleSystems":true},"in2DMode":false,"pivot":{"x":292.3018798828125,"y":895.8394165039063,"z":89.3388671875},"rotation":{"x":-0.01680859364569187,"y":-0.006901376880705357,"z":0.00011630823428276926,"w":-0.9998401999473572},"size":2556.084716796875,"orthographic":false}