{"cameraMode":{"drawMode":0,"name":"Shaded","section":"Shading Mode"},"sceneLighting":true,"audioPlay":false,"sceneViewState":{"showFog":true,"showMaterialUpdate":true,"showSkybox":true,"showFlares":true,"showImageEffects":true,"showParticleSystems":true},"in2DMode":false,"pivot":{"x":442.62701416015627,"y":940.1683959960938,"z":0.6744384765625},"rotation":{"x":-0.01680859364569187,"y":-0.006901376880705357,"z":0.00011630823428276926,"w":-0.9998401999473572},"size":2090.76123046875,"orthographic":false}