{"cameraMode":{"drawMode":0,"name":"Shaded","section":"Shading Mode"},"sceneLighting":true,"audioPlay":false,"sceneViewState":{"showFog":true,"showMaterialUpdate":true,"showSkybox":true,"showFlares":true,"showImageEffects":true,"showParticleSystems":true},"in2DMode":false,"pivot":{"x":166.3551483154297,"y":169.7650909423828,"z":49.484375},"rotation":{"x":-0.0033096622209995987,"y":0.005097749177366495,"z":-0.000017074664356186986,"w":-0.9999846816062927},"size":1689.298828125,"orthographic":false}