{"cameraMode":{"drawMode":0,"name":"Shaded","section":"Shading Mode"},"sceneLighting":true,"audioPlay":false,"sceneViewState":{"showFog":true,"showMaterialUpdate":true,"showSkybox":true,"showFlares":true,"showImageEffects":true,"showParticleSystems":true},"in2DMode":false,"pivot":{"x":164.04978942871095,"y":401.1680603027344,"z":28.3155517578125},"rotation":{"x":-0.003296911483630538,"y":-0.08778878301382065,"z":0.0002901535190176219,"w":-0.9961351752281189},"size":757.3603515625,"orthographic":false}