{"cameraMode":{"drawMode":0,"name":"Shaded","section":"Shading Mode"},"sceneLighting":false,"audioPlay":false,"sceneViewState":{"showFog":false,"showMaterialUpdate":false,"showSkybox":false,"showFlares":false,"showImageEffects":false,"showParticleSystems":false},"in2DMode":false,"pivot":{"x":1350.455078125,"y":1697.6834716796875,"z":-11.7802734375},"rotation":{"x":-0.04225379601120949,"y":-0.04584827646613121,"z":0.0019339279970154167,"w":-0.998077929019928},"size":11036.4892578125,"orthographic":true}