{"cameraMode":{"drawMode":0,"name":"Shaded","section":"Shading Mode"},"sceneLighting":true,"audioPlay":false,"sceneViewState":{"showFog":true,"showMaterialUpdate":false,"showSkybox":true,"showFlares":true,"showImageEffects":true,"showParticleSystems":true},"in2DMode":false,"pivot":{"x":438.6793518066406,"y":898.078125,"z":11.8233642578125},"rotation":{"x":-0.0005922687705606222,"y":0.9991343021392822,"z":-0.015297518111765385,"w":-0.038684993982315066},"size":1938.0548095703125,"orthographic":false}