{"cameraMode":{"drawMode":0,"name":"Shaded","section":"Shading Mode"},"sceneLighting":false,"audioPlay":false,"sceneViewState":{"showFog":false,"showMaterialUpdate":false,"showSkybox":false,"showFlares":false,"showImageEffects":false,"showParticleSystems":false},"in2DMode":false,"pivot":{"x":976.9826049804688,"y":1463.9854736328125,"z":-402.99932861328127},"rotation":{"x":-0.04824088141322136,"y":-0.045833807438611987,"z":0.002213054336607456,"w":-0.9977970123291016},"size":3277.311767578125,"orthographic":true}