{"cameraMode":{"drawMode":0,"name":"Shaded","section":"Shading Mode"},"sceneLighting":true,"audioPlay":false,"sceneViewState":{"showFog":true,"showMaterialUpdate":true,"showSkybox":true,"showFlares":true,"showImageEffects":true,"showParticleSystems":true},"in2DMode":false,"pivot":{"x":242.513916015625,"y":924.4933471679688,"z":25.999984741210939},"rotation":{"x":0.017619378864765168,"y":0.08896562457084656,"z":0.0015741166425868869,"w":-0.9958800077438355},"size":669.6529541015625,"orthographic":false}