{"cameraMode":{"drawMode":0,"name":"Shaded","section":"Shading Mode"},"sceneLighting":true,"audioPlay":false,"sceneViewState":{"showFog":true,"showMaterialUpdate":true,"showSkybox":true,"showFlares":true,"showImageEffects":true,"showParticleSystems":true},"in2DMode":false,"pivot":{"x":1000.1876831054688,"y":785.3148803710938,"z":129.406494140625},"rotation":{"x":0.10569862276315689,"y":0.00777145940810442,"z":-0.0008322353241965175,"w":0.9943821430206299},"size":3311.05908203125,"orthographic":false}