{"cameraMode":{"drawMode":0,"name":"Shaded","section":"Shading Mode"},"sceneLighting":true,"audioPlay":false,"sceneViewState":{"showFog":true,"showMaterialUpdate":true,"showSkybox":true,"showFlares":true,"showImageEffects":true,"showParticleSystems":true},"in2DMode":false,"pivot":{"x":-204.09213256835938,"y":1265.433349609375,"z":-67.83837890625},"rotation":{"x":-0.08785092830657959,"y":0.13730348646640778,"z":-0.012210404500365258,"w":-0.986587643623352},"size":5530.4384765625,"orthographic":false}