{"cameraMode":{"drawMode":0,"name":"Shaded","section":"Shading Mode"},"sceneLighting":true,"audioPlay":false,"sceneViewState":{"showFog":true,"showMaterialUpdate":false,"showSkybox":true,"showFlares":true,"showImageEffects":true,"showParticleSystems":true},"in2DMode":false,"pivot":{"x":432.6830749511719,"y":698.1755981445313,"z":68.032470703125},"rotation":{"x":0.11872943490743637,"y":-0.08002471923828125,"z":0.009594250470399857,"w":0.9896647930145264},"size":3311.05908203125,"orthographic":false}