{"cameraMode":{"drawMode":0,"name":"Shaded","section":"Shading Mode"},"sceneLighting":false,"audioPlay":false,"sceneViewState":{"showFog":false,"showMaterialUpdate":false,"showSkybox":false,"showFlares":false,"showImageEffects":false,"showParticleSystems":false},"in2DMode":false,"pivot":{"x":1269.0018310546875,"y":4783.22216796875,"z":-11.16650390625},"rotation":{"x":-0.05722945183515549,"y":-0.04132315516471863,"z":0.0023705565836280586,"w":-0.9975073337554932},"size":1394.7271728515625,"orthographic":false}